motif_id	motif_alt_id	sequence_name	start	stop	strand	score	p-value	q-value	matched_sequence
MA1719.2	ZNF816	6exFRMPD2humanpromoter	137	151	+	18.8257	2.71e-07	0.000511	TGGGGACATGCCCAG
MA1976.2	ZNF320	6exFRMPD2humanpromoter	677	696	+	16.8652	8.33e-07	0.00153	GGAGGACAAGTGGGCCTCGG
MA1596.1	ZNF460	6exFRMPD2humanpromoter	306	321	-	13.4719	3.43e-06	0.00612	TCCCCAACCTCCCCAG
MA1947.2	ETV5::FOXO1	6exFRMPD2humanpromoter	979	988	+	14.8429	4.03e-06	0.0082	GAAAACAGGA
MA0799.3	RFX4	6exFRMPD2humanpromoter	102	114	+	12.5902	5.27e-06	0.00509	GTTGCTGAGCACC
MA0799.3	RFX4	6exFRMPD2humanpromoter	102	114	-	12.5738	5.33e-06	0.00509	GGTGCTCAGCAAC
MA1631.2	ASCL1	6exFRMPD2humanpromoter	285	293	-	14.7398	7.18e-06	0.0139	CCACCTGCC
MA0105.4	NFKB1	6exFRMPD2humanpromoter	291	303	+	10.0192	7.54e-06	0.00827	TGGGGATTCCCTT
MA2331.1	ZNF157	6exFRMPD2humanpromoter	655	675	-	10.9242	7.87e-06	0.0158	AGGGAAGCAGTATGTTTTCCC
MA0155.1	INSM1	6exFRMPD2humanpromoter	769	780	+	14.5102	8.11e-06	0.016	TGGAAGGGGGTG
MA1522.2	MAZ	6exFRMPD2humanpromoter	438	445	-	16.0816	8.13e-06	0.0155	CCCCTCCC
MA0105.4	NFKB1	6exFRMPD2humanpromoter	291	303	-	9.69231	8.49e-06	0.00827	AAGGGAATCCCCA
MA1652.2	ZKSCAN5	6exFRMPD2humanpromoter	530	538	+	14.2844	9.34e-06	0.0181	GGAGGTGAT
MA1653.2	ZNF148	6exFRMPD2humanpromoter	436	445	-	13.8163	9.86e-06	0.0187	CCCCTCCCAG
MA0597.3	THAP1	6exFRMPD2humanpromoter	460	467	-	14.798	9.9e-06	0.00954	GCAGGGCA
MA0597.3	THAP1	6exFRMPD2humanpromoter	545	552	-	14.798	9.9e-06	0.00954	GCAGGGCA
MA1587.1	ZNF135	6exFRMPD2humanpromoter	307	320	-	12.551	9.93e-06	0.0192	CCCCAACCTCCCCA
MA1979.2	ZNF416	6exFRMPD2humanpromoter	145	154	-	14.3571	1.05e-05	0.0201	GATCTGGGCA
MA0858.1	Rarb	6exFRMPD2humanpromoter	893	909	-	4.83333	1.1e-05	0.0221	ATTTCAAAAAAAGGTCA
MA1946.2	ETV5::FOXI1	6exFRMPD2humanpromoter	979	990	+	13.5606	1.15e-05	0.0223	GAAAACAGGAGG
MA0017.3	NR2F1	6exFRMPD2humanpromoter	262	273	+	14.0962	1.22e-05	0.0245	TAAGGTCATGGG
MA0730.1	RARA	6exFRMPD2humanpromoter	893	909	-	8.55738	1.24e-05	0.0241	ATTTCAAAAAAAGGTCA
MA0107.1	RELA	6exFRMPD2humanpromoter	292	301	+	14.2551	1.24e-05	0.0248	GGGGATTCCC
MA1726.2	ZNF331	6exFRMPD2humanpromoter	104	113	+	13.5505	1.25e-05	0.0244	TGCTGAGCAC
MA0520.2	Stat6	6exFRMPD2humanpromoter	972	981	-	14.2241	1.32e-05	0.027	TTCCTGTGAA
MA1936.2	ERF::FOXO1	6exFRMPD2humanpromoter	979	990	+	13.4714	1.32e-05	0.0268	GAAAACAGGAGG
MA0056.3	MZF1	6exFRMPD2humanpromoter	291	298	-	14.6016	1.47e-05	0.0264	AATCCCCA
MA0685.2	SP4	6exFRMPD2humanpromoter	437	445	+	13.8315	1.55e-05	0.0293	TGGGAGGGG
MA0071.1	RORA	6exFRMPD2humanpromoter	893	902	-	13.7449	1.56e-05	0.0319	AAAAAGGTCA
MA1962.1	POU2F1::SOX2	6exFRMPD2humanpromoter	168	184	-	11.39	1.58e-05	0.0321	CATAAGCTTAACAATAG
MA0787.1	POU3F2	6exFRMPD2humanpromoter	483	494	+	13.1774	1.61e-05	0.0328	TCATGCAAATGA
MA0627.3	POU2F3	6exFRMPD2humanpromoter	484	492	+	13.697	1.69e-05	0.0345	CATGCAAAT
MA0160.3	NR4A2	6exFRMPD2humanpromoter	893	900	-	14.2	1.79e-05	0.0366	AAAGGTCA
MA1112.3	NR4A1	6exFRMPD2humanpromoter	893	900	-	14.6636	1.79e-05	0.0365	AAAGGTCA
MA1728.2	ZNF549	6exFRMPD2humanpromoter	443	450	-	12.7154	1.8e-05	0.0338	GGCTGCCC
MA0065.3	Pparg::Rxra	6exFRMPD2humanpromoter	638	650	-	12.6306	1.96e-05	0.0373	AGGCCAAAGAGCA
MA1961.2	PATZ1	6exFRMPD2humanpromoter	436	446	+	12.382	2.22e-05	0.0409	CTGGGAGGGGC
MA0785.2	POU2F1	6exFRMPD2humanpromoter	484	492	+	12.25	2.41e-05	0.0494	CATGCAAAT
MA0507.3	POU2F2	6exFRMPD2humanpromoter	483	495	+	10.75	2.49e-05	0.0508	TCATGCAAATGAT
MA0056.3	MZF1	6exFRMPD2humanpromoter	382	389	-	12.3577	2.67e-05	0.0264	CATCCCCA
MA1712.2	ZNF454	6exFRMPD2humanpromoter	448	464	+	11.4634	2.76e-05	0.049	GCCTCTAGGCCTTGCCC
MA1953.2	FOXO1::ELF1	6exFRMPD2humanpromoter	979	991	+	12.1831	2.85e-05	0.0579	GAAAACAGGAGGA
MA0159.1	RARA::RXRA	6exFRMPD2humanpromoter	867	883	-	11.5102	2.96e-05	0.0581	GGTTGACGCTGGGGACA
MA0753.3	ZNF740	6exFRMPD2humanpromoter	564	573	-	11.5169	2.97e-05	0.0552	ACCCCCCAAC
MA1654.2	ZNF16	6exFRMPD2humanpromoter	742	762	-	6.09677	2.97e-05	0.0524	AAGTGGGAGCTGAGCAAGGGC
MA0830.3	TCF4	6exFRMPD2humanpromoter	286	293	-	12.9024	2.97e-05	0.0578	CCACCTGC
MA0694.2	ZBTB7B	6exFRMPD2humanpromoter	1017	1026	+	12.5	2.98e-05	0.0583	CAACCACCGG
MA1710.2	ZNF257	6exFRMPD2humanpromoter	334	343	+	12.6292	3.11e-05	0.042	GAGGAAAGAT
MA0017.3	NR2F1	6exFRMPD2humanpromoter	889	900	-	12.7885	3.18e-05	0.0321	AAAGGTCAGGGA
MA2097.1	ZNF75A	6exFRMPD2humanpromoter	512	523	+	10.9655	3.18e-05	0.0626	ACTTTTCTCACC
MA1976.2	ZNF320	6exFRMPD2humanpromoter	21	40	-	9.89888	3.19e-05	0.0293	TGTGGGCCTGAAGGCTTGTG
MA1125.2	ZNF384	6exFRMPD2humanpromoter	910	917	+	13.5745	3.23e-05	0.0656	AAAAAAAA
MA1508.2	IKZF1	6exFRMPD2humanpromoter	974	981	+	11.813	3.26e-05	0.0641	CACAGGAA
MA1154.2	ZNF282	6exFRMPD2humanpromoter	263	277	-	7.68571	3.55e-05	0.071	CTATCCCATGACCTT
MA0786.2	POU3F1	6exFRMPD2humanpromoter	483	492	+	11.9157	3.64e-05	0.0744	TCATGCAAAT
MA1592.2	ZNF274	6exFRMPD2humanpromoter	386	397	+	10.5957	3.65e-05	0.0741	GATGGGTCCTCA
MA0742.2	KLF12	6exFRMPD2humanpromoter	437	445	+	11.2022	3.74e-05	0.0704	TGGGAGGGG
MA1954.2	FOXO1::ELK1	6exFRMPD2humanpromoter	979	991	+	11.2959	3.81e-05	0.0775	GAAAACAGGAGGA
MA0079.5	SP1	6exFRMPD2humanpromoter	437	445	+	11.4592	3.89e-05	0.057	TGGGAGGGG
MA0087.3	Sox5	6exFRMPD2humanpromoter	168	175	-	11.7632	3.96e-05	0.0812	AACAATAG
MA0077.2	SOX9	6exFRMPD2humanpromoter	168	175	+	12	3.96e-05	0.0813	CTATTGTT
MA0810.2	TFAP2A	6exFRMPD2humanpromoter	25	35	+	12.0909	4.02e-05	0.0708	AGCCTTCAGGC
MA0146.3	Zfx	6exFRMPD2humanpromoter	454	463	-	12.4242	4.07e-05	0.0783	GGCAAGGCCT
MA1656.2	ZNF449	6exFRMPD2humanpromoter	129	138	-	11.4954	4.08e-05	0.0793	CAGCCCAAGC
MA1731.2	ZNF768	6exFRMPD2humanpromoter	759	767	+	11.9213	4.08e-05	0.0772	ACTTCTCTG
MA1596.1	ZNF460	6exFRMPD2humanpromoter	435	450	-	7.65169	4.08e-05	0.0364	GGCTGCCCCTCCCAGT
MA1726.2	ZNF331	6exFRMPD2humanpromoter	569	578	-	11.5688	4.11e-05	0.0401	TGCAGACCCC
MA0839.2	CREB3L1	6exFRMPD2humanpromoter	89	101	+	9.83607	4.13e-05	0.0841	TCCCACGTGAGCA
MA0524.3	TFAP2C	6exFRMPD2humanpromoter	25	35	-	11.9082	4.2e-05	0.0742	GCCTGAAGGCT
MA2329.1	ZBTB11	6exFRMPD2humanpromoter	709	717	+	12.1651	4.23e-05	0.0823	CACATCCGG
MA1630.3	ZNF281	6exFRMPD2humanpromoter	310	319	+	8.94382	4.27e-05	0.0574	GGAGGTTGGG
MA0039.5	KLF4	6exFRMPD2humanpromoter	438	445	-	11.7636	4.27e-05	0.0581	CCCCTCCC
MA1710.2	ZNF257	6exFRMPD2humanpromoter	258	267	+	12.1124	4.29e-05	0.042	GAGGTAAGGT
MA1977.2	ZNF324	6exFRMPD2humanpromoter	541	554	-	10.7753	4.3e-05	0.0859	GGGCAGGGCAGGTT
MA1929.2	CTCF	6exFRMPD2humanpromoter	431	461	+	9.80488	4.38e-05	0.0808	CTGCACTGGGAGGGGCAGCCTCTAGGCCTTG
MA0528.3	ZNF263	6exFRMPD2humanpromoter	717	723	+	13.8273	4.39e-05	0.0842	GGGAGGA
MA1648.2	TCF12	6exFRMPD2humanpromoter	286	292	-	13.3191	4.39e-05	0.0849	CACCTGC
MA0522.4	TCF3	6exFRMPD2humanpromoter	286	292	-	13.5106	4.39e-05	0.0845	CACCTGC
MA1986.2	ZNF692	6exFRMPD2humanpromoter	32	39	+	12.4231	4.42e-05	0.0422	AGGCCCAC
MA1986.2	ZNF692	6exFRMPD2humanpromoter	686	693	-	12.4231	4.42e-05	0.0422	AGGCCCAC
MA1975.2	ZNF214	6exFRMPD2humanpromoter	830	842	-	11.4286	4.62e-05	0.0934	TAAGTAAGATCCT
MA1559.2	SNAI3	6exFRMPD2humanpromoter	286	294	+	12.1818	4.63e-05	0.0545	GCAGGTGGG
MA1972.1	ZFP14	6exFRMPD2humanpromoter	638	652	-	10.7416	4.64e-05	0.0782	GGAGGCCAAAGAGCA
MA1946.2	ETV5::FOXI1	6exFRMPD2humanpromoter	662	673	-	11.2727	4.66e-05	0.0452	GGAAGCAGTATG
MA0811.2	TFAP2B	6exFRMPD2humanpromoter	25	35	-	11.8364	4.7e-05	0.0839	GCCTGAAGGCT
MA0802.2	TBR1	6exFRMPD2humanpromoter	516	524	-	12.1489	4.81e-05	0.0973	AGGTGAGAA
MA0603.2	Arntl	6exFRMPD2humanpromoter	92	99	-	12.3934	4.87e-05	0.0982	CTCACGTG
MA1992.2	Ikzf3	6exFRMPD2humanpromoter	322	330	-	11.4862	4.96e-05	0.0984	CAGGAAGCC
MA1933.2	ELK1::SREBF2	6exFRMPD2humanpromoter	523	537	+	9	5.17e-05	0.101	CTGGAAAGGAGGTGA
MA1939.2	ERF::SREBF2	6exFRMPD2humanpromoter	523	538	+	7.12121	5.28e-05	0.107	CTGGAAAGGAGGTGAT
MA1961.2	PATZ1	6exFRMPD2humanpromoter	286	296	+	10.236	5.28e-05	0.0486	GCAGGTGGGGA
MA1559.2	SNAI3	6exFRMPD2humanpromoter	228	236	+	11.6727	5.36e-05	0.0545	ACAGGTGAA
MA0147.4	MYC	6exFRMPD2humanpromoter	91	98	+	11.8943	5.38e-05	0.106	CCACGTGA
MA0107.1	RELA	6exFRMPD2humanpromoter	291	300	+	10.7959	5.51e-05	0.0549	TGGGGATTCC
MA1099.3	HES1	6exFRMPD2humanpromoter	5	12	-	11.9149	5.65e-05	0.116	GACGCGTG
MA0763.2	ETV3	6exFRMPD2humanpromoter	710	718	-	11.5493	5.7e-05	0.117	CCCGGATGT
MA1149.2	RARA::RXRG	6exFRMPD2humanpromoter	893	909	-	10.9273	5.76e-05	0.0804	ATTTCAAAAAAAGGTCA
MA0516.3	SP2	6exFRMPD2humanpromoter	437	445	+	10.7528	5.81e-05	0.109	TGGGAGGGG
MA0761.3	ETV1	6exFRMPD2humanpromoter	323	331	-	11.187	5.87e-05	0.119	CCAGGAAGC
MA1593.2	ZNF317	6exFRMPD2humanpromoter	573	580	-	10.9504	5.87e-05	0.117	ACTGCAGA
MA2332.1	ZNF175	6exFRMPD2humanpromoter	323	331	-	10.9858	6.02e-05	0.122	CCAGGAAGC
MA0079.5	SP1	6exFRMPD2humanpromoter	496	504	-	9.73469	6.02e-05	0.057	GGGGAGGCA
MA1537.2	NR2F1	6exFRMPD2humanpromoter	638	650	-	6.65957	6.05e-05	0.119	AGGCCAAAGAGCA
MA0823.1	HEY1	6exFRMPD2humanpromoter	3	12	+	11.6182	6.06e-05	0.108	cgcaCGCGTC
MA1464.2	ARNT2	6exFRMPD2humanpromoter	92	99	-	12.0638	6.07e-05	0.123	CTCACGTG
MA1630.3	ZNF281	6exFRMPD2humanpromoter	986	995	+	7.49438	6.09e-05	0.0574	GGAGGAAGGA
MA0694.2	ZBTB7B	6exFRMPD2humanpromoter	566	575	-	11	6.18e-05	0.0606	AGACCCCCCA
MA1982.2	ZNF574	6exFRMPD2humanpromoter	272	285	+	9.8427	6.22e-05	0.115	GGATAGAGTGGTGG
MA1713.2	ZNF610	6exFRMPD2humanpromoter	439	448	-	10.5	6.26e-05	0.112	CTGCCCCTCC
MA1654.2	ZNF16	6exFRMPD2humanpromoter	305	325	+	3.8871	6.34e-05	0.0524	GCTGGGGAGGTTGGGGAGGCT
MA0499.3	MYOD1	6exFRMPD2humanpromoter	227	235	-	11.1138	6.4e-05	0.0775	TCACCTGTT
MA1987.2	ZNF701	6exFRMPD2humanpromoter	849	865	-	9.36697	6.43e-05	0.119	CAGAATTCTAGGGGAAA
MA2100.1	ZSCAN16	6exFRMPD2humanpromoter	873	890	+	-21.617	6.44e-05	0.0722	CAGCGTCAACCATGCCTC
MA1955.2	FOXO1::ELK3	6exFRMPD2humanpromoter	979	991	+	10.2368	6.47e-05	0.132	GAAAACAGGAGGA
MA2339.1	Nanog	6exFRMPD2humanpromoter	492	498	-	12.669	6.51e-05	0.134	GCAATCA
MA1111.2	NR2F2	6exFRMPD2humanpromoter	263	269	+	13.1382	6.51e-05	0.0664	AAGGTCA
MA1111.2	NR2F2	6exFRMPD2humanpromoter	893	899	-	13.1382	6.51e-05	0.0664	AAGGTCA
MA2336.1	ZSCAN21	6exFRMPD2humanpromoter	126	132	-	12.6099	6.51e-05	0.133	AAGCACT
MA0746.3	SP3	6exFRMPD2humanpromoter	436	446	-	9.92308	6.72e-05	0.132	GCCCCTCCCAG
MA1631.2	ASCL1	6exFRMPD2humanpromoter	110	118	+	11.0325	6.8e-05	0.0658	GCACCCGCC
MA0732.2	EGR3	6exFRMPD2humanpromoter	48	58	+	6.60345	6.84e-05	0.129	CCACCTACGCT
MA0149.1	EWSR1-FLI1	6exFRMPD2humanpromoter	458	475	-	-14.4342	6.87e-05	0.0848	GAATGGGAGCAGGGCAAG
MA1511.2	KLF10	6exFRMPD2humanpromoter	437	445	+	10.1124	6.97e-05	0.133	TGGGAGGGG
MA0502.3	NFYB	6exFRMPD2humanpromoter	641	649	+	10.8293	7e-05	0.138	TCTTTGGCC
MA2100.1	ZSCAN16	6exFRMPD2humanpromoter	688	705	-	-22.234	7.11e-05	0.0722	GTGAGTTTACCGAGGCCC
MA0039.5	KLF4	6exFRMPD2humanpromoter	288	295	-	10.8818	7.24e-05	0.0581	CCCCACCT
MA0753.3	ZNF740	6exFRMPD2humanpromoter	314	323	-	9.61798	7.29e-05	0.0678	CCTCCCCAAC
MA0526.5	USF2	6exFRMPD2humanpromoter	90	99	+	7.30612	7.48e-05	0.0743	CCCACGTGAG
MA0526.5	USF2	6exFRMPD2humanpromoter	90	99	-	7.30612	7.48e-05	0.0743	CTCACGTGGG
MA1615.2	Plagl1	6exFRMPD2humanpromoter	137	144	+	10.8374	7.64e-05	0.0721	TGGGGACA
MA1615.2	Plagl1	6exFRMPD2humanpromoter	867	874	-	10.8374	7.64e-05	0.0721	TGGGGACA
MA0743.3	SCRT1	6exFRMPD2humanpromoter	225	234	+	10.3486	7.73e-05	0.155	CGAACAGGTG
MA0104.5	MYCN	6exFRMPD2humanpromoter	91	98	+	11.3933	7.79e-05	0.0767	CCACGTGA
MA0104.5	MYCN	6exFRMPD2humanpromoter	91	98	-	11.3933	7.79e-05	0.0767	TCACGTGG
MA0727.2	NR3C2	6exFRMPD2humanpromoter	401	415	-	4.6383	7.88e-05	0.157	GGAGCACAGAGTTCC
MA0789.1	POU3F4	6exFRMPD2humanpromoter	484	492	+	10.8571	7.92e-05	0.162	CATGCAAAT
MA0499.3	MYOD1	6exFRMPD2humanpromoter	285	293	-	10.8293	7.95e-05	0.0775	CCACCTGCC
MA1654.2	ZNF16	6exFRMPD2humanpromoter	876	896	-	3.17742	8.01e-05	0.0524	GTCAGGGAGGCATGGTTGACG
MA1972.1	ZFP14	6exFRMPD2humanpromoter	310	324	+	9.47191	8.1e-05	0.0782	GGAGGTTGGGGAGGC
MA2122.1	Ebf4	6exFRMPD2humanpromoter	500	510	+	10.2199	8.19e-05	0.159	TCCCCAGGTCA
MA1149.2	RARA::RXRG	6exFRMPD2humanpromoter	867	883	-	10.2727	8.34e-05	0.0804	GGTTGACGCTGGGGACA
MA1959.2	KLF7	6exFRMPD2humanpromoter	438	445	+	11.3034	8.37e-05	0.0888	GGGAGGGG
MA0048.3	NHLH1	6exFRMPD2humanpromoter	286	294	-	10.4828	8.45e-05	0.163	CCCACCTGC
MA1597.1	ZNF528	6exFRMPD2humanpromoter	713	729	+	5.32653	8.46e-05	0.167	TCCGGGGAGGACACCTG
MA1710.2	ZNF257	6exFRMPD2humanpromoter	987	996	+	10.5955	8.51e-05	0.0555	GAGGAAGGAT
MA1483.3	ELF2	6exFRMPD2humanpromoter	323	332	-	10.7286	8.55e-05	0.172	TCCAGGAAGC
MA1652.2	ZKSCAN5	6exFRMPD2humanpromoter	749	757	-	10.0459	8.71e-05	0.0602	GGAGCTGAG
MA0528.3	ZNF263	6exFRMPD2humanpromoter	465	471	-	9.23636	8.78e-05	0.0842	GGGAGCA
MA1948.2	ETV5::HOXA2	6exFRMPD2humanpromoter	492	503	-	10.1667	8.79e-05	0.179	GGGAGGCAATCA
MA0765.4	ETV5	6exFRMPD2humanpromoter	710	718	-	9.83673	8.84e-05	0.165	CCCGGATGT
MA0764.4	ETV4	6exFRMPD2humanpromoter	710	718	-	10.898	8.88e-05	0.17	CCCGGATGT
MA0149.1	EWSR1-FLI1	6exFRMPD2humanpromoter	336	353	+	-15.8816	8.91e-05	0.0848	GGAAAGATGGGTGGTGAG
MA1471.2	BARX2	6exFRMPD2humanpromoter	965	973	-	10.6383	8.96e-05	0.184	AAACCATTT
MA2341.1	FEZF2	6exFRMPD2humanpromoter	133	140	-	10.7714	9.02e-05	0.176	CCCAGCCC
MA0750.3	ZBTB7A	6exFRMPD2humanpromoter	322	330	-	10.6341	9.03e-05	0.0917	CAGGAAGCC
MA0039.5	KLF4	6exFRMPD2humanpromoter	344	351	-	10.6909	9.04e-05	0.0581	CACCACCC
MA1125.2	ZNF384	6exFRMPD2humanpromoter	911	918	+	11.5532	9.11e-05	0.0926	AAAAAAAT
MA0060.4	NFYA	6exFRMPD2humanpromoter	394	401	-	10.8165	9.18e-05	0.187	CCAATGAG
MA0811.2	TFAP2B	6exFRMPD2humanpromoter	26	36	+	10.8	9.18e-05	0.0839	GCCTTCAGGCC
MA1620.2	Ptf1A	6exFRMPD2humanpromoter	228	235	-	11.2439	9.22e-05	0.182	TCACCTGT
MA0504.2	NR2C2	6exFRMPD2humanpromoter	371	384	+	8.67143	9.26e-05	0.174	CAGGTGAGAGATGG
MA0076.3	ELK4	6exFRMPD2humanpromoter	322	330	+	10.8	9.3e-05	0.183	GGCTTCCTG
MA1652.2	ZKSCAN5	6exFRMPD2humanpromoter	257	265	+	9.93578	9.31e-05	0.0602	GGAGGTAAG
MA1959.2	KLF7	6exFRMPD2humanpromoter	344	351	+	10.9663	9.36e-05	0.0888	GGGTGGTG
MA0524.3	TFAP2C	6exFRMPD2humanpromoter	26	36	+	10.7245	9.47e-05	0.0837	GCCTTCAGGCC
MA0871.3	TFEC	6exFRMPD2humanpromoter	92	99	+	9	9.52e-05	0.193	CACGTGAG
MA2333.1	ZNF35	6exFRMPD2humanpromoter	856	862	-	11.8897	9.66e-05	0.198	AATTCTA
MA0819.3	CLOCK	6exFRMPD2humanpromoter	91	97	+	11.4655	9.74e-05	0.197	CCACGTG
MA0464.3	BHLHE40	6exFRMPD2humanpromoter	91	98	+	10.4231	9.74e-05	0.198	CCACGTGA
MA0750.3	ZBTB7A	6exFRMPD2humanpromoter	709	717	-	10.561	9.74e-05	0.0917	CCGGATGTG
MA1630.3	ZNF281	6exFRMPD2humanpromoter	382	391	+	6.69663	9.83e-05	0.0617	TGGGGATGGG

# FIMO (Find Individual Motif Occurrences): Version 5.5.5 compiled on Jan 16 2024 at 00:57:36
# The format of this file is described at https://meme-suite.org/meme/doc/fimo-output-format.html#tsv_results.
# fimo -oc fimo_out_6exFRMPD2humanpromoter JASPAR2024_synaptogenesis_genes_human_meme.txt 6exFRMPD2humanpromoter.txt
